chr1	248956422	TRUE
chr2	242193529	TRUE
chr3	198295559	TRUE
chr4	190214555	TRUE
chr5	181538259	TRUE
chr6	170805979	TRUE
chr7	159345973	TRUE
chr8	145138636	TRUE
chr9	138394717	TRUE
chr10	133797422	TRUE
chr11	135086622	TRUE
chr12	133275309	TRUE
chr13	114364328	TRUE
chr14	107043718	TRUE
chr15	101991189	TRUE
chr16	90338345	TRUE
chr17	83257441	TRUE
chr18	80373285	TRUE
chr19	58617616	TRUE
chr20	64444167	TRUE
chr21	46709983	TRUE
chr22	50818468	TRUE
chrX	156040895	TRUE
chrY	57227415	TRUE
chr1_KI270762v1_alt	354444	TRUE
chr1_KI270766v1_alt	256271	TRUE
chr1_KI270760v1_alt	109528	TRUE
chr1_KI270765v1_alt	185285	TRUE
chr1_GL383518v1_alt	182439	TRUE
chr1_GL383519v1_alt	110268	TRUE
chr1_GL383520v2_alt	366580	TRUE
chr1_KI270764v1_alt	50258	TRUE
chr1_KI270763v1_alt	911658	TRUE
chr1_KI270759v1_alt	425601	TRUE
chr1_KI270761v1_alt	165834	TRUE
chr2_KI270770v1_alt	136240	TRUE
chr2_KI270773v1_alt	70887	TRUE
chr2_KI270774v1_alt	223625	TRUE
chr2_KI270769v1_alt	120616	TRUE
chr2_GL383521v1_alt	143390	TRUE
chr2_KI270772v1_alt	133041	TRUE
chr2_KI270775v1_alt	138019	TRUE
chr2_KI270771v1_alt	110395	TRUE
chr2_KI270768v1_alt	110099	TRUE
chr2_GL582966v2_alt	96131	TRUE
chr2_GL383522v1_alt	123821	TRUE
chr2_KI270776v1_alt	174166	TRUE
chr2_KI270767v1_alt	161578	TRUE
chr3_JH636055v2_alt	173151	TRUE
chr3_KI270783v1_alt	109187	TRUE
chr3_KI270780v1_alt	224108	TRUE
chr3_GL383526v1_alt	180671	TRUE
chr3_KI270777v1_alt	173649	TRUE
chr3_KI270778v1_alt	248252	TRUE
chr3_KI270781v1_alt	113034	TRUE
chr3_KI270779v1_alt	205312	TRUE
chr3_KI270782v1_alt	162429	TRUE
chr3_KI270784v1_alt	184404	TRUE
chr4_KI270790v1_alt	220246	TRUE
chr4_GL383528v1_alt	376187	TRUE
chr4_KI270787v1_alt	111943	TRUE
chr4_GL000257v2_alt	586476	TRUE
chr4_KI270788v1_alt	158965	TRUE
chr4_GL383527v1_alt	164536	TRUE
chr4_KI270785v1_alt	119912	TRUE
chr4_KI270789v1_alt	205944	TRUE
chr4_KI270786v1_alt	244096	TRUE
chr5_KI270793v1_alt	126136	TRUE
chr5_KI270792v1_alt	179043	TRUE
chr5_KI270791v1_alt	195710	TRUE
chr5_GL383532v1_alt	82728	TRUE
chr5_GL949742v1_alt	226852	TRUE
chr5_KI270794v1_alt	164558	TRUE
chr5_GL339449v2_alt	1612928	TRUE
chr5_GL383530v1_alt	101241	TRUE
chr5_KI270796v1_alt	172708	TRUE
chr5_GL383531v1_alt	173459	TRUE
chr5_KI270795v1_alt	131892	TRUE
chr6_GL000250v2_alt	4672374	TRUE
chr6_KI270800v1_alt	175808	TRUE
chr6_KI270799v1_alt	152148	TRUE
chr6_GL383533v1_alt	124736	TRUE
chr6_KI270801v1_alt	870480	TRUE
chr6_KI270802v1_alt	75005	TRUE
chr6_KB021644v2_alt	185823	TRUE
chr6_KI270797v1_alt	197536	TRUE
chr6_KI270798v1_alt	271782	TRUE
chr7_KI270804v1_alt	157952	TRUE
chr7_KI270809v1_alt	209586	TRUE
chr7_KI270806v1_alt	158166	TRUE
chr7_GL383534v2_alt	119183	TRUE
chr7_KI270803v1_alt	1111570	TRUE
chr7_KI270808v1_alt	271455	TRUE
chr7_KI270807v1_alt	126434	TRUE
chr7_KI270805v1_alt	209988	TRUE
chr8_KI270818v1_alt	145606	TRUE
chr8_KI270812v1_alt	282736	TRUE
chr8_KI270811v1_alt	292436	TRUE
chr8_KI270821v1_alt	985506	TRUE
chr8_KI270813v1_alt	300230	TRUE
chr8_KI270822v1_alt	624492	TRUE
chr8_KI270814v1_alt	141812	TRUE
chr8_KI270810v1_alt	374415	TRUE
chr8_KI270819v1_alt	133535	TRUE
chr8_KI270820v1_alt	36640	TRUE
chr8_KI270817v1_alt	158983	TRUE
chr8_KI270816v1_alt	305841	TRUE
chr8_KI270815v1_alt	132244	TRUE
chr9_GL383539v1_alt	162988	TRUE
chr9_GL383540v1_alt	71551	TRUE
chr9_GL383541v1_alt	171286	TRUE
chr9_GL383542v1_alt	60032	TRUE
chr9_KI270823v1_alt	439082	TRUE
chr10_GL383545v1_alt	179254	TRUE
chr10_KI270824v1_alt	181496	TRUE
chr10_GL383546v1_alt	309802	TRUE
chr10_KI270825v1_alt	188315	TRUE
chr11_KI270832v1_alt	210133	TRUE
chr11_KI270830v1_alt	177092	TRUE
chr11_KI270831v1_alt	296895	TRUE
chr11_KI270829v1_alt	204059	TRUE
chr11_GL383547v1_alt	154407	TRUE
chr11_JH159136v1_alt	200998	TRUE
chr11_JH159137v1_alt	191409	TRUE
chr11_KI270827v1_alt	67707	TRUE
chr11_KI270826v1_alt	186169	TRUE
chr12_GL877875v1_alt	167313	TRUE
chr12_GL877876v1_alt	408271	TRUE
chr12_KI270837v1_alt	40090	TRUE
chr12_GL383549v1_alt	120804	TRUE
chr12_KI270835v1_alt	238139	TRUE
chr12_GL383550v2_alt	169178	TRUE
chr12_GL383552v1_alt	138655	TRUE
chr12_GL383553v2_alt	152874	TRUE
chr12_KI270834v1_alt	119498	TRUE
chr12_GL383551v1_alt	184319	TRUE
chr12_KI270833v1_alt	76061	TRUE
chr12_KI270836v1_alt	56134	TRUE
chr13_KI270840v1_alt	191684	TRUE
chr13_KI270839v1_alt	180306	TRUE
chr13_KI270843v1_alt	103832	TRUE
chr13_KI270841v1_alt	169134	TRUE
chr13_KI270838v1_alt	306913	TRUE
chr13_KI270842v1_alt	37287	TRUE
chr14_KI270844v1_alt	322166	TRUE
chr14_KI270847v1_alt	1511111	TRUE
chr14_KI270845v1_alt	180703	TRUE
chr14_KI270846v1_alt	1351393	TRUE
chr15_KI270852v1_alt	478999	TRUE
chr15_KI270851v1_alt	263054	TRUE
chr15_KI270848v1_alt	327382	TRUE
chr15_GL383554v1_alt	296527	TRUE
chr15_KI270849v1_alt	244917	TRUE
chr15_GL383555v2_alt	388773	TRUE
chr15_KI270850v1_alt	430880	TRUE
chr16_KI270854v1_alt	134193	TRUE
chr16_KI270856v1_alt	63982	TRUE
chr16_KI270855v1_alt	232857	TRUE
chr16_KI270853v1_alt	2659700	TRUE
chr16_GL383556v1_alt	192462	TRUE
chr16_GL383557v1_alt	89672	TRUE
chr17_GL383563v3_alt	375691	TRUE
chr17_KI270862v1_alt	391357	TRUE
chr17_KI270861v1_alt	196688	TRUE
chr17_KI270857v1_alt	2877074	TRUE
chr17_JH159146v1_alt	278131	TRUE
chr17_JH159147v1_alt	70345	TRUE
chr17_GL383564v2_alt	133151	TRUE
chr17_GL000258v2_alt	1821992	TRUE
chr17_GL383565v1_alt	223995	TRUE
chr17_KI270858v1_alt	235827	TRUE
chr17_KI270859v1_alt	108763	TRUE
chr17_GL383566v1_alt	90219	TRUE
chr17_KI270860v1_alt	178921	TRUE
chr18_KI270864v1_alt	111737	TRUE
chr18_GL383567v1_alt	289831	TRUE
chr18_GL383570v1_alt	164789	TRUE
chr18_GL383571v1_alt	198278	TRUE
chr18_GL383568v1_alt	104552	TRUE
chr18_GL383569v1_alt	167950	TRUE
chr18_GL383572v1_alt	159547	TRUE
chr18_KI270863v1_alt	167999	TRUE
chr19_KI270868v1_alt	61734	TRUE
chr19_KI270865v1_alt	52969	TRUE
chr19_GL383573v1_alt	385657	TRUE
chr19_GL383575v2_alt	170222	TRUE
chr19_GL383576v1_alt	188024	TRUE
chr19_GL383574v1_alt	155864	TRUE
chr19_KI270866v1_alt	43156	TRUE
chr19_KI270867v1_alt	233762	TRUE
chr19_GL949746v1_alt	987716	TRUE
chr20_GL383577v2_alt	128386	TRUE
chr20_KI270869v1_alt	118774	TRUE
chr20_KI270871v1_alt	58661	TRUE
chr20_KI270870v1_alt	183433	TRUE
chr21_GL383578v2_alt	63917	TRUE
chr21_KI270874v1_alt	166743	TRUE
chr21_KI270873v1_alt	143900	TRUE
chr21_GL383579v2_alt	201197	TRUE
chr21_GL383580v2_alt	74653	TRUE
chr21_GL383581v2_alt	116689	TRUE
chr21_KI270872v1_alt	82692	TRUE
chr22_KI270875v1_alt	259914	TRUE
chr22_KI270878v1_alt	186262	TRUE
chr22_KI270879v1_alt	304135	TRUE
chr22_KI270876v1_alt	263666	TRUE
chr22_KI270877v1_alt	101331	TRUE
chr22_GL383583v2_alt	96924	TRUE
chr22_GL383582v2_alt	162811	TRUE
chrX_KI270880v1_alt	284869	TRUE
chrX_KI270881v1_alt	144206	TRUE
chr19_KI270882v1_alt	248807	TRUE
chr19_KI270883v1_alt	170399	TRUE
chr19_KI270884v1_alt	157053	TRUE
chr19_KI270885v1_alt	171027	TRUE
chr19_KI270886v1_alt	204239	TRUE
chr19_KI270887v1_alt	209512	TRUE
chr19_KI270888v1_alt	155532	TRUE
chr19_KI270889v1_alt	170698	TRUE
chr19_KI270890v1_alt	184499	TRUE
chr19_KI270891v1_alt	170680	TRUE
chr1_KI270892v1_alt	162212	TRUE
chr2_KI270894v1_alt	214158	TRUE
chr2_KI270893v1_alt	161218	TRUE
chr3_KI270895v1_alt	162896	TRUE
chr4_KI270896v1_alt	378547	TRUE
chr5_KI270897v1_alt	1144418	TRUE
chr5_KI270898v1_alt	130957	TRUE
chr6_GL000251v2_alt	4795265	TRUE
chr7_KI270899v1_alt	190869	TRUE
chr8_KI270901v1_alt	136959	TRUE
chr8_KI270900v1_alt	318687	TRUE
chr11_KI270902v1_alt	106711	TRUE
chr11_KI270903v1_alt	214625	TRUE
chr12_KI270904v1_alt	572349	TRUE
chr15_KI270906v1_alt	196384	TRUE
chr15_KI270905v1_alt	5161414	TRUE
chr17_KI270907v1_alt	137721	TRUE
chr17_KI270910v1_alt	157099	TRUE
chr17_KI270909v1_alt	325800	TRUE
chr17_JH159148v1_alt	88070	TRUE
chr17_KI270908v1_alt	1423190	TRUE
chr18_KI270912v1_alt	174061	TRUE
chr18_KI270911v1_alt	157710	TRUE
chr19_GL949747v2_alt	729520	TRUE
chr22_KB663609v1_alt	74013	TRUE
chrX_KI270913v1_alt	274009	TRUE
chr19_KI270914v1_alt	205194	TRUE
chr19_KI270915v1_alt	170665	TRUE
chr19_KI270916v1_alt	184516	TRUE
chr19_KI270917v1_alt	190932	TRUE
chr19_KI270918v1_alt	123111	TRUE
chr19_KI270919v1_alt	170701	TRUE
chr19_KI270920v1_alt	198005	TRUE
chr19_KI270921v1_alt	282224	TRUE
chr19_KI270922v1_alt	187935	TRUE
chr19_KI270923v1_alt	189352	TRUE
chr3_KI270924v1_alt	166540	TRUE
chr4_KI270925v1_alt	555799	TRUE
chr6_GL000252v2_alt	4604811	TRUE
chr8_KI270926v1_alt	229282	TRUE
chr11_KI270927v1_alt	218612	TRUE
chr19_GL949748v2_alt	1064304	TRUE
chr22_KI270928v1_alt	176103	TRUE
chr19_KI270929v1_alt	186203	TRUE
chr19_KI270930v1_alt	200773	TRUE
chr19_KI270931v1_alt	170148	TRUE
chr19_KI270932v1_alt	215732	TRUE
chr19_KI270933v1_alt	170537	TRUE
chr19_GL000209v2_alt	177381	TRUE
chr3_KI270934v1_alt	163458	TRUE
chr6_GL000253v2_alt	4677643	TRUE
chr19_GL949749v2_alt	1091841	TRUE
chr3_KI270935v1_alt	197351	TRUE
chr6_GL000254v2_alt	4827813	TRUE
chr19_GL949750v2_alt	1066390	TRUE
chr3_KI270936v1_alt	164170	TRUE
chr6_GL000255v2_alt	4606388	TRUE
chr19_GL949751v2_alt	1002683	TRUE
chr3_KI270937v1_alt	165607	TRUE
chr6_GL000256v2_alt	4929269	TRUE
chr19_GL949752v1_alt	987100	TRUE
chr6_KI270758v1_alt	76752	TRUE
chr19_GL949753v2_alt	796479	TRUE
chr19_KI270938v1_alt	1066800	TRUE
chrEBV	171823	TRUE
HLA-A*01:01:01:01	3503	TRUE
HLA-A*01:01:01:02N	3291	TRUE
HLA-A*01:01:38L	3374	TRUE
HLA-A*01:02	3374	TRUE
HLA-A*01:03	3503	TRUE
HLA-A*01:04N	3136	TRUE
HLA-A*01:09	3105	TRUE
HLA-A*01:11N	3374	TRUE
HLA-A*01:14	3095	TRUE
HLA-A*01:16N	2985	TRUE
HLA-A*01:20	3105	TRUE
HLA-A*02:01:01:01	3517	TRUE
HLA-A*02:01:01:02L	3287	TRUE
HLA-A*02:01:01:03	3023	TRUE
HLA-A*02:01:01:04	3516	TRUE
HLA-A*02:02:01	2917	TRUE
HLA-A*02:03:01	3517	TRUE
HLA-A*02:03:03	3148	TRUE
HLA-A*02:05:01	3517	TRUE
HLA-A*02:06:01	3517	TRUE
HLA-A*02:07:01	3517	TRUE
HLA-A*02:10	3517	TRUE
HLA-A*02:251	3517	TRUE
HLA-A*02:259	2978	TRUE
HLA-A*02:264	3002	TRUE
HLA-A*02:265	3148	TRUE
HLA-A*02:266	3084	TRUE
HLA-A*02:269	3101	TRUE
HLA-A*02:279	3103	TRUE
HLA-A*02:32N	3517	TRUE
HLA-A*02:376	3104	TRUE
HLA-A*02:43N	3218	TRUE
HLA-A*02:455	3118	TRUE
HLA-A*02:48	3517	TRUE
HLA-A*02:51	3109	TRUE
HLA-A*02:533	3217	TRUE
HLA-A*02:53N	3305	TRUE
HLA-A*02:57	3054	TRUE
HLA-A*02:60:01	3112	TRUE
HLA-A*02:65	3387	TRUE
HLA-A*02:68	3109	TRUE
HLA-A*02:77	3371	TRUE
HLA-A*02:81	3309	TRUE
HLA-A*02:89	3371	TRUE
HLA-A*02:95	3388	TRUE
HLA-A*03:01:01:01	3502	TRUE
HLA-A*03:01:01:02N	3373	TRUE
HLA-A*03:01:01:03	3094	TRUE
HLA-A*03:02:01	3502	TRUE
HLA-A*03:11N	3404	TRUE
HLA-A*03:21N	3095	TRUE
HLA-A*03:36N	3142	TRUE
HLA-A*11:01:01	3503	TRUE
HLA-A*11:01:18	3503	TRUE
HLA-A*11:02:01	3503	TRUE
HLA-A*11:05	3373	TRUE
HLA-A*11:110	2903	TRUE
HLA-A*11:25	3073	TRUE
HLA-A*11:50Q	3362	TRUE
HLA-A*11:60	3241	TRUE
HLA-A*11:69N	3500	TRUE
HLA-A*11:74	3227	TRUE
HLA-A*11:75	3184	TRUE
HLA-A*11:77	3233	TRUE
HLA-A*23:01:01	3502	TRUE
HLA-A*23:09	3104	TRUE
HLA-A*23:38N	3020	TRUE
HLA-A*24:02:01:01	3502	TRUE
HLA-A*24:02:01:02L	3502	TRUE
HLA-A*24:02:01:03	3075	TRUE
HLA-A*24:02:03Q	3247	TRUE
HLA-A*24:02:10	3356	TRUE
HLA-A*24:03:01	3502	TRUE
HLA-A*24:07:01	3502	TRUE
HLA-A*24:08	3502	TRUE
HLA-A*24:09N	3502	TRUE
HLA-A*24:10:01	3502	TRUE
HLA-A*24:11N	3503	TRUE
HLA-A*24:152	3176	TRUE
HLA-A*24:20	3502	TRUE
HLA-A*24:215	3116	TRUE
HLA-A*24:61	3043	TRUE
HLA-A*24:86N	3415	TRUE
HLA-A*25:01:01	2917	TRUE
HLA-A*26:01:01	3517	TRUE
HLA-A*26:11N	3091	TRUE
HLA-A*26:15	3217	TRUE
HLA-A*26:50	3141	TRUE
HLA-A*29:01:01:01	3518	TRUE
HLA-A*29:01:01:02N	3303	TRUE
HLA-A*29:02:01:01	3518	TRUE
HLA-A*29:02:01:02	3518	TRUE
HLA-A*29:46	3310	TRUE
HLA-A*30:01:01	3503	TRUE
HLA-A*30:02:01:01	2903	TRUE
HLA-A*30:02:01:02	3374	TRUE
HLA-A*30:04:01	3503	TRUE
HLA-A*30:89	2903	TRUE
HLA-A*31:01:02	3518	TRUE
HLA-A*31:01:23	2918	TRUE
HLA-A*31:04	2918	TRUE
HLA-A*31:14N	3090	TRUE
HLA-A*31:46	3075	TRUE
HLA-A*32:01:01	3518	TRUE
HLA-A*32:06	3389	TRUE
HLA-A*33:01:01	3518	TRUE
HLA-A*33:03:01	3518	TRUE
HLA-A*33:07	3389	TRUE
HLA-A*34:01:01	3517	TRUE
HLA-A*34:02:01	3096	TRUE
HLA-A*36:01	2903	TRUE
HLA-A*43:01	3388	TRUE
HLA-A*66:01:01	3517	TRUE
HLA-A*66:17	3075	TRUE
HLA-A*68:01:01:01	2930	TRUE
HLA-A*68:01:01:02	3517	TRUE
HLA-A*68:01:02:01	3517	TRUE
HLA-A*68:01:02:02	3388	TRUE
HLA-A*68:02:01:01	3517	TRUE
HLA-A*68:02:01:02	3506	TRUE
HLA-A*68:02:01:03	2909	TRUE
HLA-A*68:02:02	2916	TRUE
HLA-A*68:03:01	2917	TRUE
HLA-A*68:08:01	3120	TRUE
HLA-A*68:113	3070	TRUE
HLA-A*68:17	3134	TRUE
HLA-A*68:18N	3237	TRUE
HLA-A*68:22	3119	TRUE
HLA-A*68:71	3198	TRUE
HLA-A*69:01	2917	TRUE
HLA-A*74:01	2918	TRUE
HLA-A*74:02:01:01	2918	TRUE
HLA-A*74:02:01:02	3518	TRUE
HLA-A*80:01:01:01	3263	TRUE
HLA-A*80:01:01:02	3055	TRUE
HLA-B*07:02:01	3323	TRUE
HLA-B*07:05:01	2676	TRUE
HLA-B*07:06	2676	TRUE
HLA-B*07:156	2967	TRUE
HLA-B*07:33:01	3239	TRUE
HLA-B*07:41	3266	TRUE
HLA-B*07:44	3270	TRUE
HLA-B*07:50	3323	TRUE
HLA-B*08:01:01	3322	TRUE
HLA-B*08:08N	3035	TRUE
HLA-B*08:132	2675	TRUE
HLA-B*08:134	2959	TRUE
HLA-B*08:19N	3322	TRUE
HLA-B*08:20	3322	TRUE
HLA-B*08:33	3322	TRUE
HLA-B*08:79	2676	TRUE
HLA-B*13:01:01	3324	TRUE
HLA-B*13:02:01	3324	TRUE
HLA-B*13:02:03	3323	TRUE
HLA-B*13:02:09	2919	TRUE
HLA-B*13:08	3324	TRUE
HLA-B*13:15	3323	TRUE
HLA-B*13:25	2689	TRUE
HLA-B*14:01:01	3312	TRUE
HLA-B*14:02:01	3312	TRUE
HLA-B*14:07N	3255	TRUE
HLA-B*15:01:01:01	3336	TRUE
HLA-B*15:01:01:02N	1208	TRUE
HLA-B*15:01:01:03	3026	TRUE
HLA-B*15:02:01	3335	TRUE
HLA-B*15:03:01	2689	TRUE
HLA-B*15:04:01	3052	TRUE
HLA-B*15:07:01	3336	TRUE
HLA-B*15:108	3283	TRUE
HLA-B*15:10:01	2689	TRUE
HLA-B*15:11:01	3336	TRUE
HLA-B*15:13:01	2688	TRUE
HLA-B*15:16:01	2688	TRUE
HLA-B*15:17:01:01	3051	TRUE
HLA-B*15:17:01:02	3051	TRUE
HLA-B*15:18:01	3336	TRUE
HLA-B*15:220	2878	TRUE
HLA-B*15:25:01	3335	TRUE
HLA-B*15:27:01	2689	TRUE
HLA-B*15:32:01	3336	TRUE
HLA-B*15:42	3333	TRUE
HLA-B*15:58	3336	TRUE
HLA-B*15:66	2902	TRUE
HLA-B*15:77	3336	TRUE
HLA-B*15:83	3337	TRUE
HLA-B*18:01:01:01	3323	TRUE
HLA-B*18:01:01:02	3323	TRUE
HLA-B*18:02	2686	TRUE
HLA-B*18:03	3323	TRUE
HLA-B*18:17N	2979	TRUE
HLA-B*18:26	3323	TRUE
HLA-B*18:94N	2970	TRUE
HLA-B*27:04:01	3325	TRUE
HLA-B*27:05:02	3325	TRUE
HLA-B*27:05:18	3321	TRUE
HLA-B*27:06	3325	TRUE
HLA-B*27:07:01	2677	TRUE
HLA-B*27:131	3325	TRUE
HLA-B*27:24	2677	TRUE
HLA-B*27:25	2677	TRUE
HLA-B*27:32	3325	TRUE
HLA-B*35:01:01:01	3327	TRUE
HLA-B*35:01:01:02	3327	TRUE
HLA-B*35:01:22	2806	TRUE
HLA-B*35:02:01	3327	TRUE
HLA-B*35:03:01	2689	TRUE
HLA-B*35:05:01	2690	TRUE
HLA-B*35:08:01	2689	TRUE
HLA-B*35:14:02	3327	TRUE
HLA-B*35:241	3042	TRUE
HLA-B*35:41	3327	TRUE
HLA-B*37:01:01	3324	TRUE
HLA-B*37:01:05	2687	TRUE
HLA-B*38:01:01	3312	TRUE
HLA-B*38:02:01	3312	TRUE
HLA-B*38:14	2738	TRUE
HLA-B*39:01:01:01	3155	TRUE
HLA-B*39:01:01:02L	3153	TRUE
HLA-B*39:01:01:03	3312	TRUE
HLA-B*39:01:03	3155	TRUE
HLA-B*39:01:16	3155	TRUE
HLA-B*39:01:21	3312	TRUE
HLA-B*39:05:01	2675	TRUE
HLA-B*39:06:02	2674	TRUE
HLA-B*39:10:01	3027	TRUE
HLA-B*39:13:02	3255	TRUE
HLA-B*39:14	2765	TRUE
HLA-B*39:34	3254	TRUE
HLA-B*39:38Q	2675	TRUE
HLA-B*40:01:01	2676	TRUE
HLA-B*40:01:02	3323	TRUE
HLA-B*40:02:01	3258	TRUE
HLA-B*40:03	2677	TRUE
HLA-B*40:06:01:01	3325	TRUE
HLA-B*40:06:01:02	3299	TRUE
HLA-B*40:10:01	3304	TRUE
HLA-B*40:150	2800	TRUE
HLA-B*40:40	2677	TRUE
HLA-B*40:72:01	3283	TRUE
HLA-B*40:79	3257	TRUE
HLA-B*41:01:01	3322	TRUE
HLA-B*41:02:01	3322	TRUE
HLA-B*42:01:01	3322	TRUE
HLA-B*42:02	2675	TRUE
HLA-B*42:08	3165	TRUE
HLA-B*44:02:01:01	3323	TRUE
HLA-B*44:02:01:02S	3152	TRUE
HLA-B*44:02:01:03	3152	TRUE
HLA-B*44:02:17	3323	TRUE
HLA-B*44:02:27	2872	TRUE
HLA-B*44:03:01	3323	TRUE
HLA-B*44:03:02	2676	TRUE
HLA-B*44:04	3239	TRUE
HLA-B*44:09	3317	TRUE
HLA-B*44:138Q	3043	TRUE
HLA-B*44:150	2676	TRUE
HLA-B*44:23N	3323	TRUE
HLA-B*44:26	2804	TRUE
HLA-B*44:46	3323	TRUE
HLA-B*44:49	3039	TRUE
HLA-B*44:56N	2676	TRUE
HLA-B*45:01:01	3338	TRUE
HLA-B*45:04	3339	TRUE
HLA-B*46:01:01	3336	TRUE
HLA-B*46:01:05	2891	TRUE
HLA-B*47:01:01:01	3041	TRUE
HLA-B*47:01:01:02	3041	TRUE
HLA-B*48:01:01	3323	TRUE
HLA-B*48:03:01	2676	TRUE
HLA-B*48:04	2676	TRUE
HLA-B*48:08	3323	TRUE
HLA-B*49:01:01	3340	TRUE
HLA-B*49:32	3340	TRUE
HLA-B*50:01:01	3340	TRUE
HLA-B*51:01:01	3327	TRUE
HLA-B*51:01:02	3043	TRUE
HLA-B*51:02:01	3327	TRUE
HLA-B*51:07:01	3327	TRUE
HLA-B*51:42	2962	TRUE
HLA-B*52:01:01:01	3327	TRUE
HLA-B*52:01:01:02	3327	TRUE
HLA-B*52:01:01:03	3327	TRUE
HLA-B*52:01:02	3327	TRUE
HLA-B*53:01:01	3327	TRUE
HLA-B*53:11	3274	TRUE
HLA-B*54:01:01	3332	TRUE
HLA-B*54:18	2813	TRUE
HLA-B*55:01:01	3332	TRUE
HLA-B*55:01:03	3332	TRUE
HLA-B*55:02:01	3333	TRUE
HLA-B*55:12	3332	TRUE
HLA-B*55:24	3332	TRUE
HLA-B*55:48	2980	TRUE
HLA-B*56:01:01	2688	TRUE
HLA-B*56:03	2688	TRUE
HLA-B*56:04	2688	TRUE
HLA-B*57:01:01	3337	TRUE
HLA-B*57:03:01	2689	TRUE
HLA-B*57:06	3284	TRUE
HLA-B*57:11	3306	TRUE
HLA-B*57:29	3337	TRUE
HLA-B*58:01:01	3336	TRUE
HLA-B*58:31N	3004	TRUE
HLA-B*59:01:01:01	3333	TRUE
HLA-B*59:01:01:02	3332	TRUE
HLA-B*67:01:01	3312	TRUE
HLA-B*67:01:02	2675	TRUE
HLA-B*67:02	3307	TRUE
HLA-B*73:01	3323	TRUE
HLA-B*78:01:01	3327	TRUE
HLA-B*81:01	2676	TRUE
HLA-B*82:02:01	3050	TRUE
HLA-C*01:02:01	3349	TRUE
HLA-C*01:02:11	3057	TRUE
HLA-C*01:02:29	3349	TRUE
HLA-C*01:02:30	3333	TRUE
HLA-C*01:03	3349	TRUE
HLA-C*01:06	2895	TRUE
HLA-C*01:08	3349	TRUE
HLA-C*01:14	2895	TRUE
HLA-C*01:21	2895	TRUE
HLA-C*01:30	3349	TRUE
HLA-C*01:40	2968	TRUE
HLA-C*02:02:02:01	3347	TRUE
HLA-C*02:02:02:02	3347	TRUE
HLA-C*02:10	2893	TRUE
HLA-C*02:11	3320	TRUE
HLA-C*02:16:02	3029	TRUE
HLA-C*02:69	2933	TRUE
HLA-C*02:85	3347	TRUE
HLA-C*02:86	3347	TRUE
HLA-C*02:87	3064	TRUE
HLA-C*03:02:01	2894	TRUE
HLA-C*03:02:02:01	3348	TRUE
HLA-C*03:02:02:02	2896	TRUE
HLA-C*03:02:02:03	3348	TRUE
HLA-C*03:03:01	3348	TRUE
HLA-C*03:04:01:01	3348	TRUE
HLA-C*03:04:01:02	3348	TRUE
HLA-C*03:04:02	2877	TRUE
HLA-C*03:04:04	2966	TRUE
HLA-C*03:05	2894	TRUE
HLA-C*03:06	2894	TRUE
HLA-C*03:100	3034	TRUE
HLA-C*03:13:01	3065	TRUE
HLA-C*03:20N	3321	TRUE
HLA-C*03:219	3070	TRUE
HLA-C*03:261	3348	TRUE
HLA-C*03:40:01	2894	TRUE
HLA-C*03:41:02	3328	TRUE
HLA-C*03:46	2997	TRUE
HLA-C*03:61	2894	TRUE
HLA-C*04:01:01:01	3349	TRUE
HLA-C*04:01:01:02	3349	TRUE
HLA-C*04:01:01:03	3349	TRUE
HLA-C*04:01:01:04	3012	TRUE
HLA-C*04:01:01:05	2931	TRUE
HLA-C*04:01:62	3329	TRUE
HLA-C*04:03:01	3349	TRUE
HLA-C*04:06	3349	TRUE
HLA-C*04:09N	2991	TRUE
HLA-C*04:128	3086	TRUE
HLA-C*04:161	3237	TRUE
HLA-C*04:177	3349	TRUE
HLA-C*04:70	3058	TRUE
HLA-C*04:71	3086	TRUE
HLA-C*05:01:01:01	3349	TRUE
HLA-C*05:01:01:02	3349	TRUE
HLA-C*05:08	3059	TRUE
HLA-C*05:09:01	3322	TRUE
HLA-C*05:93	2946	TRUE
HLA-C*06:02:01:01	3349	TRUE
HLA-C*06:02:01:02	3349	TRUE
HLA-C*06:02:01:03	3349	TRUE
HLA-C*06:23	3349	TRUE
HLA-C*06:24	3349	TRUE
HLA-C*06:46N	2987	TRUE
HLA-C*07:01:01:01	3354	TRUE
HLA-C*07:01:01:02	3093	TRUE
HLA-C*07:01:02	3352	TRUE
HLA-C*07:01:19	3354	TRUE
HLA-C*07:01:27	3195	TRUE
HLA-C*07:01:45	3354	TRUE
HLA-C*07:02:01:01	3354	TRUE
HLA-C*07:02:01:02	3074	TRUE
HLA-C*07:02:01:03	3354	TRUE
HLA-C*07:02:01:04	3353	TRUE
HLA-C*07:02:01:05	3354	TRUE
HLA-C*07:02:05	2903	TRUE
HLA-C*07:02:06	3354	TRUE
HLA-C*07:02:64	3354	TRUE
HLA-C*07:04:01	3354	TRUE
HLA-C*07:04:02	3343	TRUE
HLA-C*07:06	3354	TRUE
HLA-C*07:149	3098	TRUE
HLA-C*07:18	3353	TRUE
HLA-C*07:19	3222	TRUE
HLA-C*07:26	3069	TRUE
HLA-C*07:30	2903	TRUE
HLA-C*07:32N	3334	TRUE
HLA-C*07:384	3349	TRUE
HLA-C*07:385	3354	TRUE
HLA-C*07:386	3183	TRUE
HLA-C*07:391	3354	TRUE
HLA-C*07:392	3354	TRUE
HLA-C*07:49	2935	TRUE
HLA-C*07:56:02	3354	TRUE
HLA-C*07:66	3354	TRUE
HLA-C*07:67	3354	TRUE
HLA-C*08:01:01	3349	TRUE
HLA-C*08:01:03	2998	TRUE
HLA-C*08:02:01:01	3349	TRUE
HLA-C*08:02:01:02	3349	TRUE
HLA-C*08:03:01	3349	TRUE
HLA-C*08:04:01	2895	TRUE
HLA-C*08:112	3178	TRUE
HLA-C*08:20	3349	TRUE
HLA-C*08:21	3349	TRUE
HLA-C*08:22	3349	TRUE
HLA-C*08:24	2895	TRUE
HLA-C*08:27	3349	TRUE
HLA-C*08:36N	3097	TRUE
HLA-C*08:40	2978	TRUE
HLA-C*08:41	3019	TRUE
HLA-C*08:62	3086	TRUE
HLA-C*12:02:02	3349	TRUE
HLA-C*12:03:01:01	3349	TRUE
HLA-C*12:03:01:02	3348	TRUE
HLA-C*12:08	3066	TRUE
HLA-C*12:13	3058	TRUE
HLA-C*12:19	3349	TRUE
HLA-C*12:22	2895	TRUE
HLA-C*12:99	3349	TRUE
HLA-C*14:02:01	3349	TRUE
HLA-C*14:03	3349	TRUE
HLA-C*14:21N	3099	TRUE
HLA-C*14:23	2976	TRUE
HLA-C*15:02:01	3349	TRUE
HLA-C*15:05:01	3349	TRUE
HLA-C*15:05:02	3349	TRUE
HLA-C*15:13	2895	TRUE
HLA-C*15:16	3066	TRUE
HLA-C*15:17	3349	TRUE
HLA-C*15:96Q	3349	TRUE
HLA-C*16:01:01	3349	TRUE
HLA-C*16:02:01	2895	TRUE
HLA-C*16:04:01	3349	TRUE
HLA-C*17:01:01:01	3368	TRUE
HLA-C*17:01:01:02	3368	TRUE
HLA-C*17:01:01:03	3368	TRUE
HLA-C*17:03	3197	TRUE
HLA-C*18:01	3346	TRUE
HLA-DQA1*01:01:02	6489	TRUE
HLA-DQA1*01:02:01:01	6484	TRUE
HLA-DQA1*01:02:01:02	6485	TRUE
HLA-DQA1*01:02:01:03	6485	TRUE
HLA-DQA1*01:02:01:04	6492	TRUE
HLA-DQA1*01:03:01:01	6485	TRUE
HLA-DQA1*01:03:01:02	6492	TRUE
HLA-DQA1*01:04:01:01	6484	TRUE
HLA-DQA1*01:04:01:02	6485	TRUE
HLA-DQA1*01:05:01	6485	TRUE
HLA-DQA1*01:07	5959	TRUE
HLA-DQA1*01:10	5790	TRUE
HLA-DQA1*01:11	5926	TRUE
HLA-DQA1*02:01	6403	TRUE
HLA-DQA1*03:01:01	6437	TRUE
HLA-DQA1*03:02	6437	TRUE
HLA-DQA1*03:03:01	6437	TRUE
HLA-DQA1*04:01:02:01	5853	TRUE
HLA-DQA1*04:01:02:02	5666	TRUE
HLA-DQA1*04:02	6210	TRUE
HLA-DQA1*05:01:01:01	5806	TRUE
HLA-DQA1*05:01:01:02	6529	TRUE
HLA-DQA1*05:03	6121	TRUE
HLA-DQA1*05:05:01:01	6593	TRUE
HLA-DQA1*05:05:01:02	6597	TRUE
HLA-DQA1*05:05:01:03	6393	TRUE
HLA-DQA1*05:11	6589	TRUE
HLA-DQA1*06:01:01	5878	TRUE
HLA-DQB1*02:01:01	7480	TRUE
HLA-DQB1*02:02:01	7471	TRUE
HLA-DQB1*03:01:01:01	7231	TRUE
HLA-DQB1*03:01:01:02	7230	TRUE
HLA-DQB1*03:01:01:03	7231	TRUE
HLA-DQB1*03:02:01	7126	TRUE
HLA-DQB1*03:03:02:01	7126	TRUE
HLA-DQB1*03:03:02:02	7126	TRUE
HLA-DQB1*03:03:02:03	6800	TRUE
HLA-DQB1*03:05:01	6934	TRUE
HLA-DQB1*05:01:01:01	7090	TRUE
HLA-DQB1*05:01:01:02	7090	TRUE
HLA-DQB1*05:03:01:01	7089	TRUE
HLA-DQB1*05:03:01:02	7089	TRUE
HLA-DQB1*06:01:01	7111	TRUE
HLA-DQB1*06:02:01	7102	TRUE
HLA-DQB1*06:03:01	7103	TRUE
HLA-DQB1*06:09:01	7102	TRUE
HLA-DRB1*01:01:01	10741	TRUE
HLA-DRB1*01:02:01	11229	TRUE
HLA-DRB1*03:01:01:01	13908	TRUE
HLA-DRB1*03:01:01:02	13426	TRUE
HLA-DRB1*04:03:01	15246	TRUE
HLA-DRB1*07:01:01:01	16110	TRUE
HLA-DRB1*07:01:01:02	16120	TRUE
HLA-DRB1*08:03:02	13562	TRUE
HLA-DRB1*09:21	16039	TRUE
HLA-DRB1*10:01:01	13501	TRUE
HLA-DRB1*11:01:01	13921	TRUE
HLA-DRB1*11:01:02	13931	TRUE
HLA-DRB1*11:04:01	13919	TRUE
HLA-DRB1*12:01:01	13404	TRUE
HLA-DRB1*12:17	11260	TRUE
HLA-DRB1*13:01:01	13935	TRUE
HLA-DRB1*13:02:01	13941	TRUE
HLA-DRB1*14:05:01	13933	TRUE
HLA-DRB1*14:54:01	13936	TRUE
HLA-DRB1*15:01:01:01	11080	TRUE
HLA-DRB1*15:01:01:02	11571	TRUE
HLA-DRB1*15:01:01:03	11056	TRUE
HLA-DRB1*15:01:01:04	11056	TRUE
HLA-DRB1*15:02:01	10313	TRUE
HLA-DRB1*15:03:01:01	11567	TRUE
HLA-DRB1*15:03:01:02	11569	TRUE
HLA-DRB1*16:02:01	11005	TRUE
